time,symbol,text,raw_text,url,src_sentiment,raw_title,source_name
2020-06-08 10:57:00-04:00,HTZ,company stock madness continues company shares continue baffle investors need know,Hertz shares continue to baffle investors. Here's what you need to know.,https://www.fool.com/investing/2020/06/08/hertz-stock-up-40-why-the-madness-continues.aspx,Positive,Hertz Stock Up 40%: Why the Madness Continues,The Motley Fool
2020-06-08 10:00:00-04:00,HTZ,top growth stocks june using grading scale f deep learning ai rated stocks article compile vision future trends average growth rating plenty room move picks labeled week top growth stocks watch,"Using a grading scale from A to F, our deep learning AI has rated each of the stocks in this article to compile a vision of future trends. With an average A growth rating and plenty of room to move, these picks have been labeled this week’s top growth stocks to watch.",https://www.forbes.com/sites/qai/2020/06/08/top-growth-stocks-for-june/,Neutral,Top Growth Stocks For June,Forbes
2020-06-08 09:33:00-04:00,HTZ,implied volatility surging company htz stock options investors need pay close attention company htz stock based movements options market lately,Investors need to pay close attention to Hertz (HTZ) stock based on the movements in the options market lately.,http://www.zacks.com/stock/news/971307/implied-volatility-surging-for-hertz-htz-stock-options,Neutral,Implied Volatility Surging for Hertz (HTZ) Stock Options,Zacks Investment Research
2020-06-08 08:51:35-04:00,HTZ,company stock soars set erase post bankruptcy gains shares company global holdings inc htz soared active premarket trading monday add recent rocket ride higher stock tripled two days,"Shares of Hertz Global Holdings Inc. HTZ, +71.33% soared 25% in active premarket trading Monday, to add to the recent rocket ride higher in which the stock has more than tripled in two days.",https://www.marketwatch.com/story/hertzs-stock-soars-again-is-set-to-erase-post-bankruptcy-gains-2020-06-08,Positive,"Hertz's stock soars again, is set to erase post-bankruptcy gains",Market Watch
2020-06-05 15:52:00-04:00,HTZ,avis bankrupt rival soaring friday shocking jobs report positive airline announcement good vehicle rental companies,A shocking jobs report and positive airline announcement were good for these vehicle rental companies.,https://www.fool.com/investing/2020/06/05/why-avis-and-a-bankrupt-rival-are-soaring-friday.aspx,Positive,Why Avis and a Bankrupt Rival Are Soaring Friday,The Motley Fool
2020-06-05 15:24:38-04:00,HTZ,company news htz stock rocketing higher today company htz seeing massive gains htz stock despite new news car rental company exactly behind movement,Hertz (HTZ) is seeing massive gains to HTZ stock despite no new news from the car rental company. So what exactly is behind this movement?,https://investorplace.com/2020/06/what-hertz-news-has-htz-stock-up/,Positive,Hertz News: Why HTZ Stock Is Rocketing 76% Higher Today,InvestorPlace
2020-06-05 11:35:53-04:00,HTZ,company stock surges traders buy post bankruptcy company stock quadrupled since wednesday time jump,Hertz stock has quadrupled since Wednesday. Is it time to jump in?,https://www.fool.com/investing/2020/06/05/hertz-stock-surges-130-traders-buy-post-bankruptcy.aspx,Positive,Hertz Stock Surges 130% as Traders Buy Post-Bankruptcy,The Motley Fool
2020-06-05 10:24:00-04:00,HTZ,world company stock soaring company stock flying high watch sidelines,"Hertz stock is flying high, but this is why you should watch from the sidelines.",https://www.fool.com/investing/2020/06/05/why-in-the-world-is-hertz-stock-soaring-130.aspx,Positive,Why in the World Is Hertz Stock Soaring 130%?,The Motley Fool
2020-06-03 16:13:00-04:00,HTZ,company fails avis stock rises opportunity avis stock continues move higher company bankruptcy,Avis' stock continues to move higher after Hertz's bankruptcy.,https://www.fool.com/investing/2020/06/03/as-hertz-fails-avis-stock-rises-on-opportunity.aspx,Neutral,"As Hertz Fails, Avis' Stock Rises on Opportunity",The Motley Fool
2020-06-01 12:10:36-04:00,HTZ,investing lessons failure company carl icahn trades portfolio associated billion dollar activist campaigns many turnaround stories result guru prudent management,"Carl Icahn (Trades, Portfolio) is associated with billion-dollar activist campaigns and many turnaround stories that were the result of the guru’s prudent management.",http://www.gurufocus.com/news/1152593/investing-lessons-from-the-failure-of-hertz,Negative,Investing Lessons From the Failure of Hertz,GuruFocus
2020-06-01 09:00:00-04:00,HTZ,could seen company bankruptcy coming company stock nyse htz fallen dollar since company filed bankruptcy may company billion debt nearly vehicles largely idled coronavirus,"Hertz’s stock (NYSE: HTZ) has fallen to a dollar since the company filed for bankruptcy on 22nd May 2020. The company has about $19 billion in debt and nearly 700,000 vehicles that have been largely idled because of the coronavirus.",https://www.forbes.com/sites/greatspeculations/2020/06/01/could-we-have-seen-hertzs-bankruptcy-coming/,Negative,Could We Have Seen Hertz’s Bankruptcy Coming?,Forbes
2020-05-29 13:21:07-04:00,HTZ,buy company stock understanding company current scenario important avoid huge investing mistake,Understanding Hertz's current scenario is important to avoid a huge investing mistake.,https://www.fool.com/investing/2020/05/29/should-you-buy-hertz-stock-now.aspx,Negative,Should You Buy Hertz Stock Now?,The Motley Fool
2020-05-29 11:13:00-04:00,HTZ,company burns carl icahn bankruptcy even best investors make bad move much carl icahn lost company,Even the best investors can make a bad move. Here's how much Carl Icahn lost on Hertz.,https://www.fool.com/investing/2020/05/29/hertz-burns-carl-icahn-in-bankruptcy.aspx,Negative,Hertz Burns Carl Icahn in Bankruptcy,The Motley Fool
2020-05-29 10:59:10-04:00,HTZ,company bankruptcy distressed rental car market means pain u automakers new vehicle sales rental car companies accounted million vehicles last year demand came grinding halt due coronavirus crisis expecting less sales agencies,"New vehicle sales to rental car companies accounted for about 10%, or 1.7 million vehicles, last year. That demand came to a grinding halt due to the coronavirus crisis, with some expecting 250,000 or less sales to such agencies in 2020.",https://www.cnbc.com/2020/05/29/hertz-bankruptcy-distressed-rental-car-market-hurts-us-automakers.html,Negative,Hertz bankruptcy and a distressed rental car market means more pain for U.S. automakers,CNBC
2020-05-29 10:03:08-04:00,HTZ,companies filed bankruptcy may temporary store closures near zero travel demand people shopping online even stuck home perfect storm bankruptcy country recognizable consumer brands several filed recently,Temporary store closures. Near-zero travel demand. People shopping online even more as they're stuck home. It was the perfect storm for bankruptcy for some of the country's most recognizable consumer brands -- and several have filed recently.,https://www.cnn.com/2020/05/29/business/may-bankruptcies-coronavirus/index.html,Negative,6 companies that filed for bankruptcy in May,CNN Business
2020-05-28 15:57:00-04:00,HTZ,story company global htz fell exit heavyweight investor carl icahn blow already beleaguered company global htz stock,The exit of heavyweight investor Carl Icahn is a further blow  to the already beleaguered Hertz Global (HTZ) stock.,http://www.zacks.com/stock/news/950415/the-story-of-how-hertz-global-htz-fell,Negative,The Story of How Hertz Global (HTZ) Fell,Zacks Investment Research
2020-05-28 14:37:55-04:00,HTZ,carl icahn takes billion loss embattled company carl icahn trades portfolio founder icahn capital management board chairman icahn enterprises lp nasdaq iep disclosed week sold company global holdings inc,"Carl Icahn (Trades, Portfolio), founder of Icahn Capital Management and board chairman of Icahn Enterprises LP (NASDAQ:IEP), disclosed this week that he sold out of Hertz Global Holdings Inc.",http://www.gurufocus.com/news/1149786/carl-icahn-takes-over-16-billion-loss-on-embattled-hertz,Negative,Carl Icahn Takes Over $1.6 Billion Loss on Embattled Hertz,GuruFocus
2020-05-28 13:53:34-04:00,HTZ,activist investor believed company right end cost billion carl icahn believed company right end cost billion,Carl Icahn believed in Hertz right up until the end. And it cost him $2 billion.,https://www.cnn.com/2020/05/28/investing/carl-icahn-hertz-bankruptcy-loss/index.html,Negative,The activist investor believed in the company right until the end. And it cost him $2 billion,CNN Business
2020-05-28 11:37:16-04:00,HTZ,carl icahn takes billion loss dumps stake bankrupt company carl icahn exited company like stuntman abandoning burning car suffered nasty cuts bruises way,Carl Icahn exited Hertz like a stuntman abandoning a burning car -- and he suffered some nasty cuts and bruises on his way out.,https://nypost.com/2020/05/28/carl-icahn-dumps-hertz-stake-for-nearly-2b-loss/,Negative,Carl Icahn takes $1.8 billion loss as he dumps stake in bankrupt Hertz,New York Post
2020-05-28 11:07:00-04:00,HTZ,company stock dropped carl icahn took advantage company stock rally yesterday sold,Carl Icahn took advantage of Hertz stock's rally yesterday -- and sold it all.,https://www.fool.com/investing/2020/05/28/why-hertz-stock-just-dropped-12.aspx,Negative,Why Hertz Stock Just Dropped 12%,The Motley Fool
2020-05-28 07:30:00-04:00,HTZ,bankruptcy jcpenney company last weeks seen high profile bankruptcies rental car major company retailers jcpenny neiman marcus latin america largest airline latam filing chapter protection sales collapsed account coronavirus pandemic associated lockdowns,"The last few weeks have seen some high-profile bankruptcies, with rental car major Hertz, retailers JCPenny and Neiman Marcus, and Latin America’s largest airline LATAM filing for Chapter 11 protection as sales collapsed on account of the Coronavirus pandemic and the associated lockdowns.",https://www.forbes.com/sites/greatspeculations/2020/05/28/the-so-what-of-bankruptcy-jcpenney-hertz--more/,Negative,"The So-What Of Bankruptcy: JCPenney, Hertz, & More",Forbes
2020-05-28 07:15:24-04:00,HTZ,beware bankrupt stocks company jcpenney two high profile publicly traded companies file bankruptcy since covid pandemic hit united states,Hertz and JCPenney are two of the most high profile publicly traded companies to file for bankruptcy since the Covid-19 pandemic hit the United States.,https://www.cnn.com/2020/05/28/investing/bankruptcies-stocks-jcpenney-hertz/index.html,Negative,Beware of bankrupt stocks,CNN Business
2020-05-28 02:34:01-04:00,HTZ,icahn takes billion loss company may billionaire investor carl icahn sold company global holdings inc,May.28 -- Billionaire investor Carl Icahn sold out of Hertz Global Holdings Inc.,https://www.youtube.com/watch?v=-09SEJr_X-A,Negative,Icahn Takes $1.6 Billion Loss on Hertz,Bloomberg Markets and Finance
2020-05-27 18:02:01-04:00,HTZ,carl icahn exits company significant loss billionaire investor carl icahn said wednesday sold entire equity position company global holdings inc significant loss days car rental pioneer filed bankruptcy protection,"Billionaire investor Carl Icahn said on Wednesday he had sold his entire equity position in Hertz Global Holdings Inc  at a ""significant loss"", days after the car rental pioneer filed for bankruptcy protection.",https://www.reuters.com/article/us-hertz-glo-hldg-bankruptcy-icahn/carl-icahn-exits-hertz-with-significant-loss-idUSKBN23339J,Negative,Carl Icahn exits Hertz with 'significant' loss,Reuters
2020-05-27 14:19:00-04:00,HTZ,avis company stock popped latam airlines dropped bullish pronouncement jpmorgan ceo helped double share price bankrupt company,A bullish pronouncement from JPMorgan's CEO just helped double the share price of bankrupt Hertz.,https://www.fool.com/investing/2020/05/27/time-sensitive-why-avis-and-hertz-stock-just-poppe.aspx,Neutral,"Why Avis and Hertz Stock Just Popped, but Latam Airlines Dropped",The Motley Fool
2020-05-26 17:41:00-04:00,HTZ,company global holdings shares crashed today auto rental company drives bankruptcy,The auto rental company drives into bankruptcy.,https://www.fool.com/investing/2020/05/26/why-hertz-global-holdings-shares-crashed-today.aspx,Negative,Why Hertz Global Holdings Shares Crashed Today,The Motley Fool
2020-05-26 17:05:00-04:00,HTZ,stock market wrap luckin coffee jumped company stock crashed stocks generally higher holiday weekend,Stocks were generally higher after the holiday weekend.,https://www.fool.com/investing/2020/05/26/stock-market-wrap-up-why-luckin-coffee-jumped-50-w.aspx,Neutral,Stock Market Wrap-Up: Why Luckin Coffee Jumped 50% While Hertz Stock Crashed,The Motley Fool
2020-05-26 16:09:00-04:00,HTZ,sell company stock investors need know company bankruptcy,Here's what investors need to know about the Hertz bankruptcy.,https://www.fool.com/investing/2020/05/26/should-you-sell-hertz-stock.aspx,Negative,Should You Sell Hertz Stock?,The Motley Fool
2020-05-26 14:46:13-04:00,HTZ,company paid top executives million bonuses ahead bankruptcy filing company paid millions dollars bonuses executives bankruptcy month started laying thousands employees,Hertz paid out millions of dollars in bonuses to its executives just before its bankruptcy -- and a month after it started laying off thousands of employees.,https://www.cnn.com/2020/05/26/investing/hertz-bankruptcy-executive-bonuses/index.html,Negative,Hertz paid top executives $16 million in bonuses ahead of its bankruptcy filing,CNN Business
2020-05-26 14:21:27-04:00,HTZ,company files chapter bankruptcy company latam became latest companies hit hard coronavirus crisis,Hertz and LATAM became the latest companies that have been hit hard by the coronavirus crisis.,https://www.youtube.com/watch?v=E0WEikbdazU,Negative,Hertz files for Chapter 11 bankruptcy,Yahoo Finance
2020-05-26 12:51:19-04:00,HTZ,carl icahn bet company goes bust rental car company files bankruptcy carl icahn stake company worth million december cornavirus pandemic slammed travel industry forced company file bankruptcy,"Carl Icahn's stake in Hertz was worth more than $700 million in December, before the cornavirus pandemic slammed the travel industry and forced the company to file for bankruptcy.",https://www.cnbc.com/2020/05/26/carl-icahns-bet-on-hertz-goes-bust-as-rental-car-company-files-for-bankruptcy.html,Negative,Carl Icahn's bet on Hertz goes bust as rental car company files for bankruptcy,CNBC
2020-05-26 11:57:59-04:00,HTZ,company handed million retention bonuses bankruptcy filing company global holdings said tuesday paid million retention bonuses range key executives director level,Hertz Global Holdings said on Tuesday it has paid about $16.2 million in retention bonuses to a range of key executives at the director level and above,https://nypost.com/2020/05/26/hertz-handed-out-16-million-in-retention-bonuses-after-bankruptcy-filing/,Negative,Hertz handed out $16 million in retention bonuses after bankruptcy filing,New York Post
2020-05-26 11:01:03-04:00,HTZ,company awards million retention bonus key executives u car rental company company global holdings said tuesday paid million retention bonuses range key executives director level days company filed bankruptcy protection,"U.S. car rental company Hertz Global Holdings  said on Tuesday it has paid about $16.2 million in retention bonuses to a range of key executives at the director level and above, days after the company filed for bankruptcy protection.",https://www.reuters.com/article/us-hertz-glo-hldg-bankruptcy-retentionbo/hertz-awards-over-16-million-in-retention-bonus-to-key-executives-idUSKBN2322AS,Neutral,Hertz awards over $16 million in retention bonus to key executives,Reuters
2020-05-26 10:14:09-04:00,HTZ,bankrupt company shareholders expected get recovery including carl icahn bankrupt company shareholders expected get recovery including carl icahn,"Bankrupt Hertz Shareholders Are Expected To Get No Recovery, Including Carl Icahn",https://seekingalpha.com/article/4350055-bankrupt-hertz-shareholders-are-expected-to-get-no-recovery-including-carl-icahn,Negative,"Bankrupt Hertz Shareholders Are Expected To Get No Recovery, Including Carl Icahn",Seeking Alpha
2020-05-26 08:59:00-04:00,HTZ,company global files bankruptcy due coronavirus crisis company global htz files bankruptcy protection creditors refuse allow extension clearing dues beyond may,Hertz Global (HTZ) files for bankruptcy protection after its creditors refuse to allow further extension for clearing dues beyond May 22.,http://www.zacks.com/stock/news/944689/hertz-global-files-for-bankruptcy-due-to-coronavirus-crisis,Negative,Hertz Global Files for Bankruptcy Due to Coronavirus Crisis,Zacks Investment Research
2020-05-26 08:56:43-04:00,HTZ,nyse delist bankrupt company report new york stock exchange initiated proceedings delist company global holdings inc nyse htz tuesday following car rental chain bankruptcy filing according reuters,"The New York Stock Exchange initiated proceedings to delist Hertz Global Holdings Inc (NYSE: HTZ) on Tuesday following the car rental chain's bankruptcy filing, according to Reuters.",https://www.benzinga.com/news/20/05/16105397/nyse-to-delist-bankrupt-hertz-report,Negative,NYSE To Delist Bankrupt Hertz: Report,Benzinga
2020-05-26 08:56:00-04:00,HTZ,implied volatility surging company global htz stock options investors need pay close attention company global htz stock based movements options market lately,Investors need to pay close attention to Hertz Global (HTZ) stock based on the movements in the options market lately.,http://www.zacks.com/stock/news/944667/implied-volatility-surging-for-hertz-global-htz-stock-options,Neutral,Implied Volatility Surging for Hertz Global (HTZ) Stock Options,Zacks Investment Research
2020-05-25 13:19:59-04:00,HTZ,company high yield etfs fed fed losses exposure company bonds,The Fed does not have any losses from their exposure to Hertz bonds.,https://www.forbes.com/sites/petertchir/2020/05/25/hertz-high-yield-etfs-and-the-fed/,Neutral,"Hertz, High Yield ETFs And The Fed",Forbes
2020-05-25 10:46:08-04:00,HTZ,company files chapter bankruptcy protection u covid wipes demand announcement friday company global holdings inc nyse htz said filed bankruptcy coronavirus pandemic weighed demand failed receive required financial support creditors,"In its announcement on Friday, Hertz Global Holdings Inc. (NYSE: HTZ) said it filed for bankruptcy as the Coronavirus pandemic weighed on demand and it failed to receive the required financial support from its creditors.",https://invezz.com/news/2020/05/25/hertz-files-for-chapter-11-bankruptcy-protection-in-the-u-s-as-covid-19-wipes-demand/,Negative,Hertz files for Chapter 11 bankruptcy protection in the U.S as COVID-19 wipes demand,Invezz
2020-05-25 08:16:31-04:00,HTZ,company bankruptcy fleet liquidation threaten make mess used vehicle prices burst pent supply company bankruptcy fleet liquidation threaten make mess used vehicle prices burst pent supply,Hertz Bankruptcy And Fleet Liquidation Threaten To Make Mess Of Used-Vehicle Prices With Burst Of 'Pent-Up Supply',https://seekingalpha.com/article/4349866-hertz-bankruptcy-and-fleet-liquidation-threaten-to-make-mess-of-used-vehicle-prices-burst-of,Negative,Hertz Bankruptcy And Fleet Liquidation Threaten To Make Mess Of Used-Vehicle Prices With Burst Of 'Pent-Up Supply',Seeking Alpha
2020-05-24 12:48:38-04:00,HTZ,company worst yet come company worst yet come,Hertz: The Worst Is Yet To Come,https://seekingalpha.com/article/4349794-hertz-worst-is-yet-to-come,Negative,Hertz: The Worst Is Yet To Come,Seeking Alpha
2020-05-23 12:24:00-04:00,HTZ,covid strikes company files chapter bankruptcy protection car rental veteran motor still running keep way company needs restructure massive debt load,"The car rental veteran's motor is still running. To keep it that way, Hertz needs to restructure its massive debt load.",https://www.fool.com/investing/2020/05/23/covid-19-strikes-again-hertz-files-for-chapter-11.aspx,Negative,COVID-19 Strikes Again: Hertz Files For Chapter 11 Bankruptcy Protection,The Motley Fool
2020-05-23 10:10:00-04:00,HTZ,company files bankruptcy stunning us automakers leaders scramble solutions late last night company filed bankruptcy going impact economy automakers,"Late last night, Hertz filed for bankruptcy. How's that going to impact the economy, automakers.",https://www.forbes.com/sites/chriswestfall/2020/05/23/hertz-files-bankruptcy-stunning-us-automakers-as-leaders-scramble-for-solutions/,Negative,"Hertz Files For Bankruptcy, Stunning US Automakers As Leaders Scramble For Solutions",Forbes
2020-05-23 09:48:21-04:00,HTZ,company files bankruptcy company filed bankruptcy friday night latest victim sudden economic downturn sparked covid pandemic,"Hertz filed for bankruptcy Friday night, the latest victim of the sudden economic downturn sparked by the Covid-19 pandemic.",https://www.cnn.com/2020/05/22/business/hertz-bankruptcy/index.html,Negative,Hertz files for bankruptcy,CNN Business
2020-05-22 23:14:33-04:00,HTZ,car rental company company files bankruptcy business dried travel demand plummeted pandemic,Business has dried up as travel demand has plummeted because of the pandemic.,https://www.forbes.com/sites/rachelsandler/2020/05/22/car-rental-company-hertz-files-for-bankruptcy/,Negative,Car Rental Company Hertz Files For Bankruptcy,Forbes
2020-05-22 22:08:43-04:00,HTZ,company files u bankruptcy protection car rentals evaporate pandemic century old car rental firm company global holdings inc filed bankruptcy protection friday business vanished coronavirus pandemic talks creditors failed result needed relief,The more than a century old car rental firm Hertz Global Holdings Inc  filed for bankruptcy protection on Friday after its business all but vanished during the coronavirus pandemic and talks with creditors failed to result in needed relief.,https://www.reuters.com/article/us-hertzglohldg-bankruptcy/hertz-files-for-u-s-bankruptcy-protection-as-car-rentals-evaporate-in-pandemic-idUSKBN22Z03W,Negative,Hertz files for U.S. bankruptcy protection as car rentals evaporate in pandemic,Reuters
2020-05-22 18:15:00-04:00,HTZ,company shares plummet report imminent bankruptcy covid ripple effects economy pushed company toward inevitable,COVID-19's ripple effects through the economy have pushed Hertz toward the inevitable.,https://www.fool.com/investing/2020/05/22/hertz-shares-plummet-46-on-report-of-imminent-bank.aspx,Negative,Hertz Shares Plummet 46% on Report of Imminent Bankruptcy,The Motley Fool
2020-05-22 18:12:08-04:00,HTZ,company preparing file bankruptcy wsj company global holdings inc preparing file bankruptcy soon friday night according wall street journal,"Hertz Global Holdings Inc is preparing to file for bankruptcy as soon as Friday night, according to the Wall Street Journal.",https://www.huffpost.com/entry/hertz-bankruptcy_n_5ec84d35c5b629bc3a310212,Negative,Hertz Preparing To File For Bankruptcy: WSJ,Huffington Post
2020-05-22 17:53:53-04:00,HTZ,company could soon file bankruptcy cnbc phil lebeau report company could soon filing bankruptcy,CNBC's Phil LeBeau report Hertz could soon be filing for bankruptcy.,https://www.youtube.com/watch?v=J5q7l-N_YdM,Negative,Hertz could soon file for bankruptcy,CNBC Television
2020-05-22 17:46:39-04:00,HTZ,company preparing file bankruptcy soon friday night wsj company global holdings inc preparing file bankruptcy soon friday night failing reach standstill agreement top lenders wall street journal reported https wsj com citing people familiar matter,"Hertz Global Holdings Inc  is preparing to file for bankruptcy as soon as Friday night after failing to reach a standstill agreement with its top lenders, the Wall Street Journal reported https://on.wsj.com/2A4ONKs, citing people familiar with the matter.",https://www.reuters.com/article/us-hertz-glo-hldg-bankruptcy/hertz-preparing-to-file-for-bankruptcy-as-soon-as-friday-night-wsj-idUSKBN22Y2X6,Negative,Hertz preparing to file for bankruptcy as soon as Friday night: WSJ,Reuters
2020-05-22 17:34:07-04:00,HTZ,company stock plunges report saying bankruptcy filing imminent shares company global holdings inc htz fell extended session friday wall street journal reported car rental company bankruptcy could come early friday night,"Shares of Hertz Global Holdings Inc. HTZ, -7.49% fell more than 30% in the extended session Friday after The Wall Street Journal reported the car-rental company's bankruptcy could come as early as Friday night.",https://www.marketwatch.com/story/hertz-stock-plunges-30-after-report-saying-bankruptcy-filing-is-imminent-2020-05-22,Negative,Hertz stock plunges 30% after report saying bankruptcy filing is imminent,Market Watch
2020-05-22 14:53:16-04:00,HTZ,company global stock trading lower today company global holdings nyse htz shares trading lower friday report company could file bankruptcy coming days,Hertz Global Holdings (NYSE: HTZ) shares are trading lower on Friday on a report the company could file for bankruptcy in the coming days.,https://www.benzinga.com/news/20/05/16096786/why-hertz-globals-stock-is-trading-lower-today,Negative,Why Hertz Global's Stock Is Trading Lower Today,Benzinga
2020-05-22 07:44:00-04:00,HTZ,coronavirus mars transport services industry near term outlook coronavirus mars transport services industry near term outlook,Coronavirus Mars Transport Services Industry Near-Term Outlook,http://www.zacks.com/commentary/938158/coronavirus-mars-transport-services-industry-near-term-outlook,Neutral,Coronavirus Mars Transport Services Industry Near-Term Outlook,Zacks Investment Research
2020-05-22 04:27:04-04:00,HTZ,company set join coupon club may infamous coupon club could welcome another member,May.22 -- The infamous “no-coupon-at-all” club could be about to welcome another member.,https://www.youtube.com/watch?v=3wDVo6w7pKU,Neutral,Hertz Set to Join ‘No-Coupon’ Club,Bloomberg Markets and Finance
2020-05-21 21:18:42-04:00,HTZ,company may verge liquidation carl icahn car rental company company may skidding toward liquidation post learned year old company known tapping j,"Carl Icahn’s car-rental company Hertz may be skidding toward liquidation, The Post has learned. The 102-year-old Hertz — known for tapping O.J.",https://nypost.com/2020/05/21/hertz-may-be-on-verge-of-liquidation/,Neutral,Hertz may be on verge of liquidation,New York Post
2020-05-20 08:09:23-04:00,HTZ,stocks sell could disappear sad say companies make end four stocks sell face existential crises,"It's sad to say, but some companies just won't make it through the end of 2020. Here are four stocks to sell as they face existential crises.",https://investorplace.com/2020/05/4-stocks-to-sell-might-not-exist-in-a-year/,Negative,4 Stocks to Sell That Could Disappear By 2021,InvestorPlace
2020-05-19 11:38:40-04:00,HTZ,company wants keep european business solvent eyes us bankruptcy company global holdings wants keep business europe solvent prepares possible bankruptcy filing us post learned,"Hertz Global Holdings wants to keep its business in Europe solvent as it prepares for a possible bankruptcy filing in the US, The Post has learned.",https://nypost.com/2020/05/19/hertz-wants-to-keep-european-business-solvent-as-it-eyes-bankruptcy/,Negative,Hertz wants to keep European business solvent as it eyes US bankruptcy,New York Post
2020-05-18 15:02:27-04:00,HTZ,company news things know new ceo paul stone company htz news monday announcing paul stone taking kathryn marinello new leader company post company news things know new ceo paul stone appeared first investorplace,"Hertz (HTZ) is in the news Monday after announcing that Paul Stone is taking over for Kathryn Marinello as the new leader of the company.
The post Hertz News: 8 Things to Know About New CEO Paul Stone appeared first on InvestorPlace.",https://investorplace.com/2020/05/hertz-news-htz-ceo-paul-stone/,Neutral,Hertz News: 8 Things to Know About New CEO Paul Stone,InvestorPlace
2020-05-18 14:18:00-04:00,HTZ,planet fitness company avis shares soaring double digits monday investors number positive developments digest today,Investors have a number of positive developments to digest today.,https://www.fool.com/investing/2020/05/18/why-planet-fitness-hertz-and-avis-shares-are-soari.aspx,Positive,"Why Planet Fitness, Hertz, and Avis Shares Are Soaring by Double Digits Monday",The Motley Fool
2020-05-18 10:42:22-04:00,HTZ,company replaces ceo coronavirus causes dramatic quarterly loss company global holdings monday appointed paul stone chief executive officer days us car rental company raised going concern doubts following bigger quarterly loss company backed billionaire investor carl icahn suffered sudden dramatic negative impact business due coronavirus crisis crushed demand,"Hertz Global Holdings on Monday appointed Paul Stone as its chief executive officer days after the US car rental company raised going-concern doubts following a bigger quarterly loss. Hertz, backed by billionaire investor Carl Icahn, has suffered a “sudden and dramatic negative impact” on its business due to the coronavirus crisis, which has crushed demand.",https://nypost.com/2020/05/18/hertz-replaces-ceo-as-coronavirus-causes-dramatic-quarterly-loss/,Negative,Hertz replaces CEO as coronavirus causes dramatic quarterly loss,New York Post
2020-05-18 09:01:26-04:00,HTZ,u car rental firm company names new ceo company global holdings inc monday appointed paul stone chief executive officer days u car rental company raised going concern doubts following bigger quarterly loss,Hertz Global Holdings Inc  on Monday appointed Paul Stone as its chief executive officer days after the U.S. car rental company raised going-concern doubts following a bigger quarterly loss.,https://www.reuters.com/article/us-hertz-glo-hldg-ceo/u-s-car-rental-firm-hertz-names-new-ceo-idUSKBN22U1Q2,Neutral,U.S. car rental firm Hertz names new CEO,Reuters
2020-05-18 08:39:27-04:00,HTZ,company names paul stone ceo replacing kathryn marinello resigning company global holdings inc htz said monday named paul stone chief executive immediate effect replacing kathryn marinello resigning ceo president member board,"Hertz Global Holdings Inc. HTZ, -5.37% said Monday it has named Paul Stone as chief executive with immediate effect, replacing Kathryn Marinello, who is resigning as CEO, president and member of the board.",https://www.marketwatch.com/story/hertz-names-paul-stone-ceo-replacing-kathryn-marinello-who-is-resigning-2020-05-18?tesla=y,Neutral,"Hertz names Paul Stone CEO, replacing Kathryn Marinello, who is resigning",Market Watch
2020-05-15 11:30:00-04:00,HTZ,company introduces company gold standard clean sealed certified vehicles estero fla may prnewswire company nyse htz providing customers safer faster easier way travel ready hit road ranked rental car brand customer satisfaction j power introducing company gold standard clean,"ESTERO, Fla., May 15, 2020 /PRNewswire/ -- Hertz (NYSE: HTZ) is providing customers with a safer, faster and easier way to travel when they are ready to hit the road. The No. 1 ranked rental car brand for Customer Satisfaction by J.D. Power is introducing Hertz Gold Standard Clean, an...",https://www.prnewswire.com/news-releases/hertz-introduces-hertz-gold-standard-clean-sealed-and-certified-vehicles-301060163.html,Neutral,Hertz Introduces Hertz Gold Standard Clean Sealed and Certified Vehicles,PRNewsWire
2020-05-14 15:59:29-04:00,HTZ,carl icahn stuck rock hard place company travel coming standstill airlines hotels rental car agencies seen profits decrease devastating rates,"With travel coming to a standstill, airlines, hotels and rental car agencies have seen profits decrease at devastating rates.",http://www.gurufocus.com/news/1137035/carl-icahn-stuck-between-a-rock-and-a-hard-place-with-hertz,Negative,Carl Icahn Stuck Between a Rock and a Hard Place With Hertz,GuruFocus
2020-05-13 12:59:00-04:00,HTZ,avis company autonation stock got slammed another doubt continues mount around company ability continue business,Doubt continues to mount around Hertz and its ability to continue as a business.,https://www.fool.com/investing/2020/05/13/why-avis-hertz-and-autonation-stock-got-slammed-an.aspx,Negative,"Why Avis, Hertz, and AutoNation Stock Got Slammed Another 10%",The Motley Fool
2020-05-12 14:22:06-04:00,HTZ,company global holdings htz ceo kathy marinello results earnings call transcript company global holdings htz ceo kathy marinello results earnings call transcript,Hertz Global Holdings' (HTZ) CEO Kathy Marinello on Q1 2020 Results - Earnings Call Transcript,https://seekingalpha.com/article/4346722-hertz-global-holdings-htz-ceo-kathy-marinello-on-q1-2020-results-earnings-call-transcript,Neutral,Hertz Global Holdings' (HTZ) CEO Kathy Marinello on Q1 2020 Results - Earnings Call Transcript,Seeking Alpha
2020-05-12 08:30:00-04:00,HTZ,company htz loss wider expected coronavirus impact significant volume decline march due coronavirus weighed company htz performance,Significant volume decline in March due to coronavirus weighed on Hertz's (HTZ) Q1 performance.,http://www.zacks.com/stock/news/921237/hertz-htz-q1-loss-wider-than-expected-on-coronavirus-impact,Negative,Hertz (HTZ) Q1 Loss Wider Than Expected on Coronavirus Impact,Zacks Investment Research
2020-05-12 05:59:25-04:00,HTZ,car rental firm company raises going concern doubts debt default looms company monday raised going concern doubts car rental company tries cut costs avoid debt default amid blow business due covid pandemic,Hertz on Monday raised going concern doubts as the car rental company tries to cut costs and avoid debt default amid a blow to its business due to the Covid-19 pandemic.,https://www.cnbc.com/2020/05/12/car-rental-firm-hertz-raises-going-concern-doubts-as-debt-default-looms.html,Negative,Car rental firm Hertz raises going concern doubts as debt default looms,CNBC
2020-05-11 18:25:08-04:00,HTZ,company htz reports loss misses revenue estimates company htz delivered earnings revenue surprises respectively quarter ended march numbers hold clues lies ahead stock,"Hertz (HTZ) delivered earnings and revenue surprises of -67.92% and -5.23%, respectively, for the quarter ended March 2020. Do the numbers hold clues to what lies ahead for the stock?",http://www.zacks.com/stock/news/920245/hertz-htz-reports-q1-loss-misses-revenue-estimates,Negative,"Hertz (HTZ) Reports Q1 Loss, Misses Revenue Estimates",Zacks Investment Research
2020-05-11 17:54:27-04:00,HTZ,company posts wider loss major coronavirus business disruption shares company global holdings inc htz fell late monday car rental company posted wider expected first quarter loss saying results significantly impacted covid pandemic,"Shares of Hertz Global Holdings Inc. HTZ, -2.44% fell late Monday after the car rental company posted a wider-than-expected first-quarter loss, saying that results were ""significantly impacted by COVID-19 pandemic.",https://www.marketwatch.com/story/hertz-posts-wider-q1-loss-after-major-coronavirus-business-disruption-2020-05-11,Negative,Hertz posts wider Q1 loss after 'major' coronavirus business disruption,Market Watch
2020-05-06 01:31:29-04:00,HTZ,beginning troubles company beginning troubles company,This Is Just The Beginning Of Troubles For Hertz,https://seekingalpha.com/article/4343422-this-is-just-beginning-of-troubles-for-hertz,Negative,This Is Just The Beginning Of Troubles For Hertz,Seeking Alpha
2020-05-05 15:01:58-04:00,HTZ,company bankruptcy yet htz stock tumbles amid struggles company htz may face bankruptcy turn business around happening yet lenders give time post company bankruptcy,"Hertz (HTZ) may have to face bankruptcy if it can't turn its business around, but it's not happening just yet as lenders give it more time.
The post Hertz Bankruptcy?",https://investorplace.com/2020/05/hertz-bankruptcy-struggles-hit-htz-stock/,Negative,Hertz Bankruptcy? Not Yet. HTZ Stock Tumbles 14% Amid Struggles,InvestorPlace
2020-05-05 13:15:00-04:00,HTZ,last second deal lenders buy company enough time company reached agreement lenders buys time form strategy time ticking,"Hertz reached an agreement with lenders that buys it time to form a strategy, but time is ticking.",https://www.fool.com/investing/2020/05/05/did-a-last-second-deal-with-lenders-buy-hertz-enou.aspx,Neutral,Did a Last-Second Deal With Lenders Buy Hertz Enough Time?,The Motley Fool
2020-05-05 12:56:09-04:00,HTZ,company weeks fight bankruptcy carl icahn rental car company company global holdings roughly three weeks prove stave bankruptcy company said tuesday regulatory filing car rental behemoth said lenders given may develop viable financial structure better reflects economic impact coronavirus,"Carl Icahn’s rental car company Hertz Global Holdings has roughly three weeks to prove it can stave off bankruptcy, the company said on Tuesday. In a regulatory filing, the car rental behemoth said lenders have given it until May 22 to develop a viable financial structure that “better reflects the economic impact of the coronavirus.",https://nypost.com/2020/05/05/carl-icahns-hertz-global-has-three-weeks-to-prevent-bankruptcy/,Negative,Hertz has 3 weeks to fight off bankruptcy,New York Post
2020-05-05 10:55:00-04:00,HTZ,company shares plunge tuesday despite lenders throwing lifeline late agreement company lenders buy company time enough,"A late agreement between Hertz and its lenders will buy the company time, but will it be enough?",https://www.fool.com/investing/2020/05/05/hertz-shares-plunge-14-tuesday-despite-lenders-thr.aspx,Negative,"Hertz Shares Plunge 14% Tuesday, Despite Lenders Throwing a Lifeline",The Motley Fool
2020-05-05 09:49:20-04:00,HTZ,company gets emergency lifeline lenders company received temporary lifeline group lenders tries find way survive near zero travel covid pandemic,"Hertz has received a temporary lifeline from a group of its lenders, as it tries to find a way to survive near-zero travel during the Covid-19 pandemic.",https://www.cnn.com/2020/05/05/investing/hertz-lenders/index.html,Neutral,Hertz gets an emergency lifeline from its lenders,CNN Business
2020-05-04 22:47:02-04:00,HTZ,company plummets amid reports company could file bankruptcy week company global holdings inc nyse htz dropped nearly hours trading monday multiple reports suggested company nearing bankruptcy filing,Hertz Global Holdings Inc. (NYSE: HTZ) dropped nearly 24% in after-hours trading on Monday as multiple reports suggested the company is nearing a bankruptcy filing.,https://www.benzinga.com/news/20/05/15951480/hertz-plummets-amid-reports-company-could-file-for-bankruptcy-this-week,Negative,Hertz Plummets Amid Reports Company Could File For Bankruptcy This Week,Benzinga
2020-05-04 17:52:47-04:00,HTZ,company hires firm bankruptcy preparation report cnbc phil lebeau report company hired firm assist bankruptcy preparations,CNBC's Phil LeBeau on a report that Hertz has hired a firm to assist with bankruptcy preparations.,https://www.youtube.com/watch?v=bDo0x3meJy0,Negative,Hertz hires firm for bankruptcy preparation: Report,CNBC Television
2020-05-04 17:31:57-04:00,HTZ,company stock falls nearly wsj reports another bankruptcy adviser hired shares company global holdings inc htz fell nearly extended session monday report wall street journal said car rental company hired additional adviser help forthcoming bankruptcy filing,"Shares of Hertz Global Holdings Inc. HTZ, +2.27% fell nearly 20% in the extended session Monday after a report by The Wall Street Journal said the car rental company has hired an additional adviser to help with a forthcoming bankruptcy filing.",https://www.marketwatch.com/story/hertz-stock-falls-nearly-20-after-wsj-reports-another-bankruptcy-adviser-hired-2020-05-04,Negative,Hertz stock falls nearly 20% after WSJ reports another bankruptcy adviser hired,Market Watch
2020-05-03 16:45:29-04:00,HTZ,car rental company company struggles pandemic avis stays afloat carl icahn company considered gold standard car rental companies sputtering side road closest rival avis positioned ride coronavirus storm year old company told shareholders last week missed debt payment tied fleet amid,"Carl Icahn’s Hertz — once considered the gold standard of car rental companies — is sputtering on the side of the road while its closest rival, Avis, is positioned to ride out the coronavirus storm. The 102-year-old Hertz told shareholders last week that it had missed a debt payment tied to its 500,000 fleet amid a.",https://nypost.com/2020/05/03/hertz-struggles-during-coronavirus-pandemic-while-avis-stays-afloat/,Negative,Car rental company Hertz struggles during pandemic while Avis stays afloat,New York Post
2020-05-01 14:46:36-04:00,HTZ,sectors risk covid bankruptcy nader tavakoli eaglerock capital management expectations companies could first file bankruptcy companies approach cuts,"Nader Tavakoli, EagleRock Capital Management, on his expectations for which companies could be the first to file for bankruptcy and how companies will approach cuts.",https://www.youtube.com/watch?v=l5LwzLZjTxI,Negative,Sectors at risk of Covid-19 bankruptcy,CNBC Television
2020-05-01 13:51:00-04:00,HTZ,auto stocks sinking double digits friday negative economic impact covid developments sending company avis carvana friday,"A negative economic impact from COVID-19 and other developments are sending Hertz, Avis, and Carvana down Friday.",https://www.fool.com/investing/2020/05/01/why-these-auto-stocks-are-sinking-by-double-digits.aspx,Negative,Why These Auto Stocks Are Sinking by Double Digits Friday,The Motley Fool
2020-04-30 10:56:00-04:00,HTZ,company seeking avoid bankruptcy missing lease payment report says car rental industry taken big hit global pandemic,The car-rental industry has taken a big hit during the global pandemic.,https://www.cnet.com/news/hertz-possible-bankruptcy-missed-payment/,Negative,"Hertz seeking to avoid bankruptcy after missing lease payment, report says",CNET
2020-04-29 15:10:22-04:00,HTZ,company talks creditors avoid debt default faces may deadline company global holdings inc said wednesday talks lenders avoid defaulting debt related rental vehicle fleet skipping payment due april,"Hertz Global Holdings Inc  said on Wednesday it was in talks with its lenders to avoid defaulting on debt related to its rental vehicle fleet, after skipping a payment that was due April 27.",https://www.reuters.com/article/us-hertzglo-hldg-debt/hertz-in-talks-with-creditors-to-avoid-debt-default-faces-may-4-deadline-idUSKBN22B302,Negative,"Hertz in talks with creditors to avoid debt default, faces May 4 deadline",Reuters
2020-04-29 14:13:00-04:00,HTZ,company misses lease payments talk avoid bankruptcy company business hit hard pandemic,The company's business has been hit hard by the pandemic.,https://www.fool.com/investing/2020/04/29/hertz-misses-lease-payments-in-talk-to-try-to-avoi.aspx,Negative,"Hertz Misses Lease Payments, In Talk to Avoid Bankruptcy",The Motley Fool
2020-04-29 11:52:18-04:00,HTZ,carl icahn company could face bankruptcy amid coronavirus woes sources carl icahn car rental company company gearing possible bankruptcy coronavirus pandemic slams brakes business car rental company failed make important monthly lease payment tied vehicles month revealed wednesday morning,"Carl Icahn’s car-rental company, Hertz, is gearing up for a possible bankruptcy as the coronavirus pandemic slams the brakes on its business. The car rental company failed to make an important monthly lease payment tied to its 500,000 vehicles this month, it revealed Wednesday morning.",https://nypost.com/2020/04/29/hertz-could-face-bankruptcy-amid-coronavirus-woes-sources/,Negative,Carl Icahn’s Hertz could face bankruptcy amid coronavirus woes: sources,New York Post
2020-04-29 11:41:38-04:00,HTZ,company stock plummets heavy volume disclosing missed lease payment shares company global holdings inc htz plummeted heavy volume morning trading wednesday auto rental company disclosed make certain payments required operating lease service agreement,"Shares of Hertz Global Holdings Inc. HTZ, -15.44% plummeted 13% on heavy volume in morning trading Wednesday, after the auto rental company disclosed that it ""did not make certain payments"" required under operating lease and service agreement.",https://www.marketwatch.com/story/hertzs-stock-plummets-on-heavy-volume-after-disclosing-missed-lease-payment-2020-04-29,Negative,Hertz's stock plummets on heavy volume after disclosing missed lease payment,Market Watch
2020-04-29 11:30:00-04:00,HTZ,company may file bankruptcy missing lease payment report says car rental industry taken big hit global pandemic,The car-rental industry has taken a big hit during the global pandemic.,https://www.cnet.com/news/hertz-possible-bankruptcy-missed-lease-payment-report/,Negative,"Hertz may file for bankruptcy after missing lease payment, report says",CNET
2020-04-27 13:38:00-04:00,HTZ,sent company shares higher monday signs worst could states hard hit covid mean good news companies company,Signs that the worst could be over in states hard hit by COVID-19 mean good news for companies such as Hertz.,https://www.fool.com/investing/2020/04/27/what-sent-hertz-shares-13-higher-monday.aspx,Positive,What Sent Hertz Shares 13% Higher Monday,The Motley Fool
2020-04-27 12:32:12-04:00,HTZ,analysts estimate company htz report decline earnings look company htz possess right combination two key ingredients likely earnings beat upcoming report get prepared key expectations,Hertz (HTZ) doesn't possess the right combination of the two key ingredients for a likely earnings beat in its upcoming report. Get prepared with the key expectations.,http://www.zacks.com/stock/news/892080/analysts-estimate-hertz-htz-to-report-a-decline-in-earnings-what-to-look-out-for,Negative,Analysts Estimate Hertz (HTZ) to Report a Decline in Earnings: What to Look Out for,Zacks Investment Research
2020-04-25 12:24:00-04:00,HTZ,auto industry ticking time bomb plunging used car prices could devastate automakers world could lower used car prices huge hindrance automakers primarily sell new vehicles,How in the world could lower used car prices be such a huge hindrance to automakers that primarily sell new vehicles?,https://www.fool.com/investing/2020/04/25/the-auto-industrys-ticking-timebomb-how-plunging-u.aspx,Negative,The Auto Industry's Ticking Time Bomb: How Plunging Used Car Prices Could Devastate Automakers,The Motley Fool
2020-04-24 14:51:04-04:00,HTZ,company hires advisers roll debt report company global holdings inc htz hired lawyers investment bankers advisers tries renegotiate billion debt according report friday wall street journal cited people familiar matter,"Hertz Global Holdings Inc. HTZ, -3.03% has hired lawyers and investment bankers as advisers as it tries to renegotiate its $17 billion of debt, according to a report Friday on The Wall Street Journal that cited people familiar with the matter.",https://www.marketwatch.com/story/hertz-hires-advisers-to-roll-debt-report-2020-04-24,Negative,Hertz hires advisers to roll debt: report,Market Watch
2020-04-24 11:55:00-04:00,HTZ,company stock tumbling today car rental company stock fallen since february,The car rental company's stock has fallen 80% since February.,https://www.fool.com/investing/2020/04/24/why-hertz-stock-is-tumbling-today.aspx,Negative,Why Hertz Stock Is Tumbling Today,The Motley Fool
2020-04-24 10:07:00-04:00,HTZ,used car market headed bloodbath amid coronavirus woes tremendous amount risk associated used vehicle market given weak demand vehicles economic uncertainty,"There is a tremendous amount of risk associated with the used-vehicle market, given weak demand for vehicles and economic uncertainty.",http://www.zacks.com/stock/news/887493/is-used-car-market-headed-for-bloodbath-amid-coronavirus-woes,Neutral,Is Used Car Market Headed for Bloodbath Amid Coronavirus Woes?,Zacks Investment Research
2020-04-23 19:21:43-04:00,HTZ,exclusive company taps debt restructuring advisers car rental demand evaporates sources say company global holdings inc working debt restructuring advisers explore options shoring finances coronavirus pandemic killed demand car rentals people familiar matter said thursday,"Hertz Global Holdings Inc  is working with debt restructuring advisers to explore options for shoring up its finances after the coronavirus pandemic killed demand for car rentals, people familiar with the matter said on Thursday.",https://www.reuters.com/article/us-hertz-glo-hldg-debtrestructuring-excl/exclusive-hertz-taps-debt-restructuring-advisers-as-car-rental-demand-evaporates-sources-say-idUSKCN2253S4,Negative,"Exclusive: Hertz taps debt restructuring advisers as car rental demand evaporates, sources say",Reuters
2020-04-21 12:16:39-04:00,HTZ,company stock breaks analyst cuts price target company shares moves sharply lower morgan stanley cut price target per share citing appreciated risks,"Hertz shares moves sharply lower after Morgan Stanley cut its price target from $5 to $2 per share, citing under-appreciated risks.",https://www.investopedia.com/hertz-stock-breaks-down-after-analyst-cuts-price-target-4842827,Negative,Hertz Stock Breaks Down After Analyst Cuts Price Target,Investopedia
2020-04-21 12:12:00-04:00,HTZ,shares company global today pandemic forcing layoffs millions charges,The pandemic is forcing layoffs and millions in charges.,https://www.fool.com/investing/2020/04/21/why-shares-of-hertz-global-are-down-today.aspx,Negative,Why Shares of Hertz Global Are Down Today,The Motley Fool
2020-04-21 11:41:00-04:00,HTZ,company announces layoffs due covid layoffs amount quarter company workforce,Layoffs amount to more than a quarter of Hertz's workforce.,https://www.fool.com/investing/2020/04/21/hertz-announces-10000-layoffs-due-to-covid-19.aspx,Negative,"Hertz Announces 10,000 Layoffs Due to COVID-19",The Motley Fool
2020-04-20 17:37:23-04:00,HTZ,u car rental company company lay staff coronavirus hit u car rental company company global holdings inc said monday plans lay employees across north america operations cut costs amid economic fallout covid pandemic,"U.S. car rental company Hertz Global Holdings Inc  said on Monday it plans to lay off 10,000 employees across its North America operations to cut costs amid the economic fallout of the COVID-19 pandemic.",https://www.reuters.com/article/us-hertz-layoffs/u-s-car-rental-company-hertz-to-lay-off-10000-staff-on-coronavirus-hit-idUSKBN2222XD,Negative,"U.S. car rental company Hertz to lay off 10,000 staff on coronavirus hit",Reuters
2020-04-16 12:46:00-04:00,HTZ,key factor sending car stocks plunging thursday plunging used car prices could devastate car stocks different ways,Here's why plunging used-car prices could devastate these car stocks in different ways.,https://www.fool.com/investing/2020/04/16/the-key-factor-sending-these-car-stocks-plunging-t.aspx,Negative,The Key Factor Sending These Car Stocks Plunging Thursday,The Motley Fool
2020-04-15 22:23:10-04:00,HTZ,car rental firm company seeks coronavirus bailout carl icahn car rental company company seeking bailout uncle sam fend looming cash crunch threatens push edge post learned company global holdings known snagging oj simpson spokesman height football career faces billion billion budget,"Carl Icahn’s car-rental company, Hertz, is seeking a bailout from Uncle Sam to fend off a looming cash crunch that threatens to push it over the edge, The Post has learned. Hertz Global Holdings, known for snagging OJ Simpson as its spokesman at the height of his football career, faces a $1 billion-to-$1.5 billion budget.",https://nypost.com/2020/04/15/car-rental-firm-hertz-seeks-coronavirus-bailout/,Neutral,Car-rental firm Hertz seeks coronavirus bailout,New York Post
2020-04-09 16:15:00-04:00,HTZ,shares travel companies today hopes airline recovery give lift broad array companies rely industry,Hopes of an airline recovery give lift to some of the broad array of companies that rely on the industry.,https://www.fool.com/investing/2020/04/09/why-shares-of-travel-companies-are-up-today.aspx,Positive,Why Shares of Travel Companies Are Up Today,The Motley Fool
2020-04-07 10:14:00-04:00,HTZ,company global htz looks good stock adds session company global htz saw big move last session shares jumped nearly day amid huge volumes,"Hertz Global (HTZ) saw a big move last session, as its shares jumped nearly 7% on the day, amid huge volumes.",http://www.zacks.com/stock/news/858816/hertz-global-htz-looks-good-stock-adds-69-in-session,Positive,Hertz Global (HTZ) Looks Good: Stock Adds 6.9% in Session,Zacks Investment Research
2020-04-02 17:16:00-04:00,HTZ,sent auto stocks plunging thursday rains pours negative automotive news hit markets today,"When it rains, it pours, and more negative automotive news hit the markets today.",https://www.fool.com/investing/2020/04/02/what-sent-these-auto-stocks-plunging-thursday.aspx,Negative,What Sent These Auto Stocks Plunging Thursday?,The Motley Fool
2020-03-27 11:06:00-04:00,HTZ,company dealing coronavirus crisis company htz witnessing increased rental cancellations decreased forward bookings wake coronavirus outbreak,Hertz (HTZ) is witnessing increased rental cancellations and decreased forward bookings in the wake of the coronavirus outbreak.,http://www.zacks.com/stock/news/838728/heres-how-hertz-is-dealing-with-the-coronavirus-crisis,Negative,Here's How Hertz is Dealing With the Coronavirus Crisis,Zacks Investment Research
2020-03-26 17:16:36-04:00,HTZ,company offer free rental cars healthcare workers assist amid coronavirus outbreak company ceo kathy marinello joins closing bell talk company offering free vehicle rentals health care workers company managing amid cornavirus outbreak,"Hertz CEO Kathy Marinello, joins ""Closing Bell"" to talk about how the company is offering free vehicle rentals to health care workers and how the company is managing amid the cornavirus outbreak.",https://www.youtube.com/watch?v=0sU9024s2qM,Neutral,Hertz will offer free rental cars to healthcare workers to assist amid the coronavirus outbreak,CNBC Television
2020-03-25 20:13:48-04:00,HTZ,company giving nyc health care workers free car rentals coronavirus epidemic roadshow move help get doctors nurses health care professionals public transit put company fleet work,"The move will help get doctors, nurses and other health-care professionals off of public transit, and put some of Hertz' fleet to work.",https://www.cnet.com/roadshow/news/hertz-free-car-rentals-healthcare-workers-nyc-coronavirus/,Neutral,Hertz is giving NYC health-care workers free car rentals during coronavirus epidemic     - Roadshow,CNET
2020-03-25 17:15:54-04:00,HTZ,tech companies partner coronavirus hackathon cnbc sara eisen reports tech companies like facebook twitter microsoft partnering world health organization coronavirus hackathon develop software tools help healthcare business education,"CNBC's Sara Eisen reports that tech companies like Facebook, Twitter, and Microsoft are partnering with the World Health Organization for a coronavirus hackathon to develop software tools to help with healthcare, business, education and more.",https://www.youtube.com/watch?v=ePkpDggXLOI,Neutral,Tech companies partner with WHO for a coronavirus hackathon,CNBC Television
2020-03-25 11:30:25-04:00,HTZ,company htz since last earnings report rebound company htz reported earnings days ago next stock,Hertz (HTZ) reported earnings 30 days ago. What's next for the stock?,http://www.zacks.com/stock/news/834294/hertz-htz-down-502-since-last-earnings-report-can-it-rebound,Negative,Hertz (HTZ) Down 50.2% Since Last Earnings Report: Can It Rebound?,Zacks Investment Research
2020-03-25 07:11:57-04:00,HTZ,company offer free rental cars health care workers starting new york city wsj company global holdings inc htz offering free rental cars health care workers wall street journal reported wednesday citing interview chief executive kathryn marinello,"Hertz Global Holdings Inc. HTZ, +24.77% is offering free rental cars to health care workers, the Wall Street Journal reported Wednesday, citing an interview with Chief Executive Kathryn Marinello.",https://www.marketwatch.com/story/guid/9f2e3999-58bd-435a-9172-6202713caa77,Neutral,"Hertz to offer free rental cars to health care workers, starting in New York City: WSJ",Market Watch
2020-03-24 08:51:00-04:00,HTZ,options traders betting big move company global htz stock investors need pay close attention company global htz stock based movements options market lately,Investors need to pay close attention to Hertz Global (HTZ) stock based on the movements in the options market lately.,http://www.zacks.com/stock/news/831739/are-options-traders-betting-on-a-big-move-in-hertz-global-htz-stock,Positive,Are Options Traders Betting on a Big Move in Hertz Global (HTZ) Stock?,Zacks Investment Research
2020-03-22 11:41:00-04:00,HTZ,billionaires buying stocks market plunges billionaires billionaire money managers starting put money work,Billionaires and billionaire money managers are starting to put their money to work.,https://www.fool.com/investing/2020/03/22/billionaires-have-been-buying-these-stocks-as-the.aspx,Positive,Billionaires Have Been Buying These Stocks as the Market Plunges,The Motley Fool
2020-03-19 13:35:00-04:00,HTZ,lyft company global holdings avis soared thursday lyft company avis likely driven higher uber pop conference call analysts,"Lyft, Hertz, and Avis are likely being driven higher by Uber's 35% pop after a conference call with analysts.",https://www.fool.com/investing/2020/03/19/why-lyft-hertz-global-holdings-and-avis-soared-ove.aspx,Positive,"Why Lyft, Hertz Global Holdings, and Avis Soared Over 21% Thursday",The Motley Fool
2020-03-19 10:23:31-04:00,HTZ,company avis stocks soar pare less half previous day plunge shares car rental companies soared thursday still barely pared previous session historic selloffs,"Shares of car rental companies soared Thursday, but still just barely pared the previous session's historic selloffs.",https://www.marketwatch.com/story/guid/68bf2dd5-5f4c-4623-8e95-53eb397bce12,Positive,"Hertz, Avis stocks soar, but pare less than half of previous day's plunge",Market Watch
2020-03-18 16:11:13-04:00,HTZ,company stock suffers record selloff moody cuts rating covid creates severe credit shock shares company global holdings inc htz plummeted wednesday close record low covid pandemic weighed heavily car rental company,"Shares of Hertz Global Holdings Inc. HTZ, -39.82% plummeted 39.6% on Wednesday to close at a record low of $3.38, as the COVID-19 pandemic weighed heavily on the car rental company.",https://www.marketwatch.com/story/guid/7653e624-4ca8-4745-9739-59edbbf91b5c,Negative,"Hertz's stock suffers record selloff, as Moody's cuts rating as COVID-19 creates 'severe' credit shock",Market Watch
2020-03-18 09:59:00-04:00,HTZ,company global gains solid fleet management debts high efficient fleet management strong services aid company global htz however high debt levels coronavirus outbreak concerns,"Efficient fleet management and strong services aid Hertz Global (HTZ). However, high debt levels and the coronavirus outbreak are concerns",http://www.zacks.com/stock/news/820735/hertz-global-gains-from-solid-fleet-management-debts-high,Positive,"Hertz Global Gains From Solid Fleet Management, Debts High",Zacks Investment Research
2020-03-15 13:01:22-04:00,HTZ,icahn businesses given away prices icahn buying occidental company hewlett packard,"Icahn is buying Occidental, Hertz and Hewlett-Packard.",http://www.gurufocus.com/news/1073237/icahn-some-businesses-are-given-away-at-these-prices,Positive,Icahn: Some Businesses Are Given Away at These Prices,GuruFocus
2020-03-15 09:28:59-04:00,HTZ,notable insider buys last week energy transfer company many conventional wisdom says insiders owners really buy shares company one reason believe stock price rise want profit,Conventional wisdom says that insiders and 10% owners really only buy shares of a company for one reason -- they believe the stock price will rise and they want to profit from it.,https://www.benzinga.com/news/20/03/15554431/notable-insider-buys-last-week-energy-transfer-hertz-and-many-more,Positive,"Notable Insider Buys Last Week: Energy Transfer, Hertz And Many More",Benzinga
2020-03-05 16:29:12-05:00,HTZ,top stock trades friday zm kr ba htz company zoom video kroger boeing top stock trades friday said let look charts see going,"Hertz, Zoom Video, Kroger and Boeing were our top stock trades for Friday. That said, let's have a look at the charts to see what's going on.",https://investorplace.com/2020/03/4-top-stock-trades-for-friday-zm-kr-ba-htz/,Positive,"4 Top Stock Trades for Friday: ZM, KR, BA, HTZ",InvestorPlace
2020-03-05 14:01:21-05:00,HTZ,company avis stocks plunge morgan stanley warns significant earnings disruption coronavirus shares car rental companies company global holdings inc htz avis budget group inc car suffered double digit percentage declines morgan stanley analyst adam jonas said believed investors still underappreciated risks associated coronavirus outbreak,"Shares of car rental companies Hertz Global Holdings Inc. HTZ, -12.489% and Avis Budget Group Inc. CAR, -12.55% suffered double-digit percentage declines, after Morgan Stanley analyst Adam Jonas said he believed investors still underappreciated the risks associated with the coronavirus outbreak.",https://www.marketwatch.com/story/hertz-avis-stocks-plunge-after-morgan-stanley-warns-of-significant-earnings-disruption-from-the-coronavirus-2020-03-05,Negative,"Hertz, Avis stocks plunge after Morgan Stanley warns of significant earnings disruption from the coronavirus",Market Watch
2020-03-05 12:13:00-05:00,HTZ,company global holdings stock dropped thursday morning transportation travel stocks continue get slammed covid coronavirus fears,Transportation and travel stocks continue to get slammed from COVID-19 coronavirus fears.,https://www.fool.com/investing/2020/03/05/why-hertz-global-holdings-dropped-10-thursday-morn.aspx,Negative,Why Hertz Global Holdings Stock Dropped 10% Thursday Morning,The Motley Fool
2020-02-26 15:05:00-05:00,HTZ,carnival royal caribbean company global stocks dropped today reason travel companies woes shocker,The reason for these travel companies' woes shouldn't be a shocker.,https://www.fool.com/investing/2020/02/26/why-carnival-royal-caribbean-and-hertz-global-stoc.aspx,Negative,"Why Carnival, Royal Caribbean, and Hertz Global Stocks All Dropped Today",The Motley Fool
2020-02-25 15:32:00-05:00,HTZ,company declined tuesday despite earnings beat company turned fourth quarter failed convince investors thrive long term,Hertz turned in a fourth quarter that failed to convince investors it can thrive long-term.,https://www.fool.com/investing/2020/02/25/why-hertz-declined-16-tuesday-despite-an-earnings.aspx,Negative,Why Hertz Declined 16% Tuesday Despite an Earnings Beat,The Motley Fool
2020-02-25 12:10:31-05:00,HTZ,company global holdings inc htz ceo kathy marinello results earnings call transcript company global holdings inc htz ceo kathy marinello results earnings call transcript,"Hertz Global Holdings, Inc. (HTZ) CEO Kathy Marinello on Q4 2019 Results - Earnings Call Transcript",https://seekingalpha.com/article/4326944-hertz-global-holdings-inc-htz-ceo-kathy-marinello-on-q4-2019-results-earnings-call-transcript,Neutral,"Hertz Global Holdings, Inc. (HTZ) CEO Kathy Marinello on Q4 2019 Results - Earnings Call Transcript",Seeking Alpha
2020-02-25 10:41:00-05:00,HTZ,company htz loss narrower expected revenues miss higher u rental car segment revenues aid company htz performance,Higher U.S. Rental Car segment's revenues aid Hertz's (HTZ) Q4 performance.,http://www.zacks.com/stock/news/783185/hertzs-htz-q4-loss-narrower-than-expected-revenues-miss,Negative,"Hertz's (HTZ) Q4 Loss Narrower Than Expected, Revenues Miss",Zacks Investment Research
2020-02-24 16:38:37-05:00,HTZ,company global earnings htz stock tumbles results company global htz earnings car rental company fourth quarter htz stock falling hours monday post company global earnings htz stock tumbles results appeared first investorplace,"Hertz Global (HTZ) earnings for the car rental company's fourth quarter of 2019 have HTZ stock falling after-hours Monday.
The post Hertz Global Earnings: HTZ Stock Tumbles 4% on Q4 Results appeared first on InvestorPlace.",https://investorplace.com/2020/02/hertz-global-earnings-hit-htz-stock/,Negative,Hertz Global Earnings: HTZ Stock Tumbles 4% on Q4 Results,InvestorPlace
2020-02-24 16:23:12-05:00,HTZ,company global reports mixed earnings company global holdings nyse htz shares trading lower company reported worse expected fourth quarter sales results,Hertz Global Holdings (NYSE: HTZ) shares are trading lower after the company reported worse-than-expected fourth-quarter sales results.,https://www.benzinga.com/news/earnings/20/02/15398276/hertz-global-reports-mixed-q4-earnings,Neutral,Hertz Global Reports Mixed Q4 Earnings,Benzinga
2020-02-21 09:39:00-05:00,HTZ,cards company global htz earnings efficient fleet management likely get reflected company global htz fourth quarter performance however high expenses might dented bottom line,"Efficient fleet management  is likely to get reflected in Hertz Global's (HTZ) fourth-quarter performance. However, high expenses might have dented the bottom line.",http://www.zacks.com/stock/news/777065/whats-in-the-cards-for-hertz-global-htz-in-q4-earnings,Neutral,What's in the Cards for Hertz Global (HTZ) in Q4 Earnings?,Zacks Investment Research
2020-02-17 12:30:51-05:00,HTZ,company htz report negative earnings next week know company htz possess right combination two key ingredients likely earnings beat upcoming report get prepared key expectations,Hertz (HTZ) doesn't possess the right combination of the two key ingredients for a likely earnings beat in its upcoming report. Get prepared with the key expectations.,http://www.zacks.com/stock/news/770226/will-hertz-htz-report-negative-earnings-next-week-what-you-should-know,Negative,Will Hertz (HTZ) Report Negative Earnings Next Week? What You Should Know,Zacks Investment Research
2020-01-17 08:46:00-05:00,HTZ,near term bumps transport services industry outlook near term bumps transport services industry outlook,Near-Term Bumps in Transport Services Industry Outlook,http://www.zacks.com/commentary/722150/near-term-bumps-in-transport-services-industry-outlook,Neutral,Near-Term Bumps in Transport Services Industry Outlook,Zacks Investment Research
2019-12-28 06:49:10-05:00,HTZ,company ride share car rentals growth driver company ride share car rentals growth driver,Hertz: Ride-Share Car Rentals Is Now A Growth Driver,https://seekingalpha.com/article/4314355-hertz-ride-share-car-rentals-is-now-growth-driver,Positive,Hertz: Ride-Share Car Rentals Is Now A Growth Driver,Seeking Alpha
2019-12-12 21:45:00-05:00,HTZ,stocks got thrashed thursday market punishes fail meet profitability expectations face scary new competition,The market punishes those that fail to meet profitability expectations and those that face scary new competition.,https://www.fool.com/investing/2019/12/12/2-stocks-that-got-thrashed-on-thursday.aspx,Negative,2 Stocks That Got Thrashed on Thursday,The Motley Fool
2019-12-12 15:50:02-05:00,HTZ,lyft announces car rental service company avis shares plunge lyft said thursday launching car rental service within main app,Lyft said on Thursday that it's launching a car rental service within its main app.,https://www.cnbc.com/2019/12/12/lyft-announces-car-rental-service-hertz-and-avis-shares-plunge.html,Negative,Lyft announces car rental service; Hertz and Avis shares plunge,CNBC
2019-12-04 11:30:49-05:00,HTZ,company htz since last earnings report company htz reported earnings days ago next stock,Hertz (HTZ) reported earnings 30 days ago. What's next for the stock?,http://www.zacks.com/stock/news/654337/why-is-hertz-htz-down-56-since-last-earnings-report,Negative,Why Is Hertz (HTZ) Down 5.6% Since Last Earnings Report?,Zacks Investment Research
2019-11-27 08:10:00-05:00,HTZ,thanksgiving travel highest since top gainers million people expected travel miles would highest since,About 55 million people are expected to travel 50 miles or more. This would be the highest since 2005.,http://www.zacks.com/stock/news/643036/thanksgiving-travel-to-be-highest-since-2005-top-5-gainers,Positive,Thanksgiving Travel to be Highest Since 2005: Top 5 Gainers,Zacks Investment Research
2019-11-06 10:54:21-05:00,HTZ,stocks rocketed higher tuesday investors cheered lifts company global holdings virgin galactic shares,Investors were cheered by the lifts in Hertz Global Holdings and Virgin Galactic shares.,https://www.fool.com/investing/2019/11/06/these-2-stocks-rocketed-higher-on-tuesday.aspx,Positive,These 2 Stocks Rocketed Higher on Tuesday,The Motley Fool
2019-11-05 16:28:00-05:00,HTZ,company global holdings everquote nio jumped today investors looking optimism quarters,Investors are looking for optimism from all quarters.,https://www.fool.com/investing/2019/11/05/why-hertz-global-holdings-everquote-and-nio-jumped.aspx,Positive,"Why Hertz Global Holdings, EverQuote, and NIO Jumped Today",The Motley Fool
2019-11-05 16:10:28-05:00,HTZ,top stock trades wednesday shak avgo lyft shake shack broadcom lyft nio company top stock trades wednesday look stock charts,"Shake Shack, Broadcom, Lyft, Nio and Hertz are our top stock trades for Wednesday. Here's a look at the stock charts now.",https://investorplace.com/2019/11/5-top-stock-trades-for-wednesday-shak-avgo-lyft/,Positive,"5 Top Stock Trades for Wednesday: SHAK, AVGO, LYFT",InvestorPlace
2019-11-05 15:51:00-05:00,HTZ,company global htz earnings beat revenues lag estimates company global htz third quarter revenues hurt weakness international rental car segment,Hertz Global's (HTZ) third-quarter revenues are hurt by weakness in the International Rental Car segment.,http://www.zacks.com/stock/news/605044/hertz-global-htz-q3-earnings-beat-revenues-lag-estimates,Neutral,"Hertz Global (HTZ) Q3 Earnings Beat, Revenues Lag Estimates",Zacks Investment Research
2019-11-05 14:08:36-05:00,HTZ,company global holdings htz ceo kathy marinello results earnings call transcript company global holdings htz ceo kathy marinello results earnings call transcript,Hertz Global Holdings' (HTZ) CEO Kathy Marinello on Q3 2019 Results - Earnings Call Transcript,https://seekingalpha.com/article/4302712-hertz-global-holdings-htz-ceo-kathy-marinello-q3-2019-results-earnings-call-transcript,Neutral,Hertz Global Holdings' (HTZ) CEO Kathy Marinello on Q3 2019 Results - Earnings Call Transcript,Seeking Alpha
2019-11-05 11:20:00-05:00,HTZ,shares company driving higher today third quarter results came better investors feared,Third-quarter results came in better than investors had feared.,https://www.fool.com/investing/2019/11/05/why-shares-of-hertz-are-driving-higher-today.aspx,Positive,Why Shares of Hertz Are Driving Higher Today,The Motley Fool
2019-11-04 17:35:05-05:00,HTZ,company htz earnings surpass estimates company htz delivered earnings revenue surprises respectively quarter ended september numbers hold clues lies ahead stock,"Hertz (HTZ) delivered earnings and revenue surprises of 8.11% and -1.42%, respectively, for the quarter ended September 2019. Do the numbers hold clues to what lies ahead for the stock?",http://www.zacks.com/stock/news/603131/hertz-htz-q3-earnings-surpass-estimates,Positive,Hertz (HTZ) Q3 Earnings Surpass Estimates,Zacks Investment Research
2019-11-04 08:44:12-05:00,HTZ,company global earnings preview monday november company global holdings nyse htz report last quarter earnings,"On Monday, November 4, Hertz Global Holdings (NYSE: HTZ) will report its last quarter's earnings.",https://www.benzinga.com/news/earnings-previews/19/11/14717931/hertz-global-holdings-earnings-preview,Neutral,Hertz Global Q3 Earnings Preview,Benzinga
2019-10-30 05:33:00-04:00,HTZ,pick bargain stocks impressive ev ebitda ratios screened bargain stocks based ev ebitda ratio offers clearer picture company valuation earnings potential,We have screened bargain stocks based on EV/EBITDA ratio that offers a clearer picture of a company's valuation and earnings potential.,http://www.zacks.com/stock/news/592135/pick-these-5-bargain-stocks-with-impressive-ev-ebitda-ratios,Positive,Pick These 5 Bargain Stocks With Impressive EV/EBITDA Ratios,Zacks Investment Research
2019-10-28 10:32:40-04:00,HTZ,earnings preview company htz earnings expected decline company htz possess right combination two key ingredients likely earnings beat upcoming report get prepared key expectations,Hertz (HTZ) doesn't possess the right combination of the two key ingredients for a likely earnings beat in its upcoming report. Get prepared with the key expectations.,http://www.zacks.com/stock/news/588394/earnings-preview-hertz-htz-q3-earnings-expected-to-decline,Negative,Earnings Preview: Hertz (HTZ) Q3 Earnings Expected to Decline,Zacks Investment Research
2019-10-02 09:10:17-04:00,HTZ,investors undervaluing company htz right zacks focus proven zacks rank system emphasizes earnings estimates estimate revisions find great stocks nevertheless always paying attention latest value growth momentum trends underscore strong picks,"Here at Zacks, our focus is on the proven Zacks Rank system, which emphasizes earnings estimates and estimate revisions to find great stocks. Nevertheless, we are always paying attention to the latest value, growth, and momentum trends to underscore strong picks.",http://www.zacks.com/stock/news/545820/are-investors-undervaluing-hertz-htz-right-now,Positive,Are Investors Undervaluing Hertz (HTZ) Right Now?,Zacks Investment Research
2019-09-12 08:53:15-04:00,HTZ,carl icahn discloses stake company global company global holdings inc nyse htz shares revving higher thursday billionaire investor carl icahn revealed increased stake car rental company,Hertz Global Holdings Inc (NYSE: HTZ) shares were revving higher Thursday after billionaire investor Carl Icahn revealed he has increased his stake in the car rental company.,https://www.benzinga.com/news/19/09/14420701/carl-icahn-discloses-30-1-stake-in-hertz-global,Positive,Carl Icahn Discloses 30.1% Stake In Hertz Global,Benzinga
2019-09-12 06:57:04-04:00,HTZ,company stock rises icahn discloses stake increased shares company global holdings inc htz rose premarket trading thursday billionaire investor carl icahn disclosed increased stake car rental company shares outstanding,"Shares of Hertz Global Holdings Inc. HTZ, +0.98% rose 4.1% in premarket trading Thursday, after billionaire investor Carl Icahn disclosed that he increased his stake in the car rental company to 30.1% of the shares outstanding.",https://www.marketwatch.com/story/hertzs-stock-rises-after-icahn-discloses-stake-increased-to-over-30-2019-09-12,Positive,Hertz's stock rises after Icahn discloses stake increased to over 30%,Market Watch
2019-09-09 08:27:00-04:00,HTZ,near term outlook transport services industry look dim near term outlook transport services industry look dim,Near-Term Outlook for Transport Services Industry Look Dim,http://www.zacks.com/commentary/509061/near-term-outlook-for-transport-services-industry-look-dim,Neutral,Near-Term Outlook for Transport Services Industry Look Dim,Zacks Investment Research
2019-09-05 09:31:27-04:00,HTZ,company htz since last earnings report rebound company htz reported earnings days ago next stock,Hertz (HTZ) reported earnings 30 days ago. What's next for the stock?,http://www.zacks.com/stock/news/503086/hertz-htz-down-158-since-last-earnings-report-can-it-rebound,Negative,Hertz (HTZ) Down 15.8% Since Last Earnings Report: Can It Rebound?,Zacks Investment Research
